"Message",Low,"Starting .NET Native compilation"
"Message",Low,""
"Message",Low,""
"Message",Low,"Task ""Gatekeeper"""
"Message",Normal,"Launching 'C:\Users\wiebe\.nuget\packages\runtime.win10-x86.microsoft.net.native.compiler\2.2.1\tools\x86\ilc\ilc.exe --gatekeeper @""C:\Users\wiebe\Documents\patterns\dp2\tekenprogramma\obj\x86\Release\ilc\intermediate\gkargs.rsp""'"
"Message",Low,"Microsoft (R) .NET Native Gatekeeper Version 2.2.27015.02 "
"Message",Low,"Copyright (C) Microsoft Corporation.  All rights reserved. "
"Message",Low," "
"Message",Low,"Checking assembly 'C:\Users\wiebe\Documents\patterns\dp2\tekenprogramma\obj\x86\Release\ilc\in\tekenprogramma.exe'. "
"Message",Low,"ILCTelemetry: System.ArgumentException: Could not deserialize to TelemetrySession object"
"Message",Low,"Parameternaam: serializedSession ---> System.Runtime.Serialization.SerializationException: Er is een fout opgetreden bij het deserialiseren van het object van type Microsoft.VisualStudio.Telemetry.TelemetrySessionSettings. Het token "" wordt verwacht, maar I is gevonden. ---> System.Xml.XmlException: Het token "" wordt verwacht, maar I is gevonden."
"Message",Low,"   bij System.Xml.XmlExceptionHelper.ThrowXmlException(XmlDictionaryReader reader, String res, String arg1, String arg2, String arg3)"
"Message",Low,"   bij System.Xml.XmlExceptionHelper.ThrowTokenExpected(XmlDictionaryReader reader, String expected, Char found)"
"Message",Low,"   bij System.Runtime.Serialization.Json.XmlJsonReader.ReadServerTypeAttribute(Boolean consumedObjectChar)"
"Message",Low,"   bij System.Runtime.Serialization.Json.XmlJsonReader.ReadAttributes()"
"Message",Low,"   bij System.Runtime.Serialization.Json.XmlJsonReader.ReadNonExistentElementName(StringHandleConstStringType elementName)"
"Message",Low,"   bij System.Runtime.Serialization.Json.XmlJsonReader.Read()"
"Message",Low,"   bij System.Xml.XmlBaseReader.IsStartElement()"
"Message",Low,"   bij System.Xml.XmlBaseReader.IsStartElement(XmlDictionaryString localName, XmlDictionaryString namespaceUri)"
"Message",Low,"   bij System.Runtime.Serialization.XmlReaderDelegator.IsStartElement(XmlDictionaryString localname, XmlDictionaryString ns)"
"Message",Low,"   bij System.Runtime.Serialization.XmlObjectSerializer.IsRootElement(XmlReaderDelegator reader, DataContract contract, XmlDictionaryString name, XmlDictionaryString ns)"
"Message",Low,"   bij System.Runtime.Serialization.Json.DataContractJsonSerializer.InternalIsStartObject(XmlReaderDelegator reader)"
"Message",Low,"   bij System.Runtime.Serialization.Json.DataContractJsonSerializer.InternalReadObject(XmlReaderDelegator xmlReader, Boolean verifyObjectName)"
"Message",Low,"   bij System.Runtime.Serialization.XmlObjectSerializer.InternalReadObject(XmlReaderDelegator reader, Boolean verifyObjectName, DataContractResolver dataContractResolver)"
"Message",Low,"   bij System.Runtime.Serialization.XmlObjectSerializer.ReadObjectHandleExceptions(XmlReaderDelegator reader, Boolean verifyObjectName, DataContractResolver dataContractResolver)"
"Message",Low,"   --- Einde van intern uitzonderingsstackpad ---"
"Message",Low,"   bij System.Runtime.Serialization.XmlObjectSerializer.ReadObjectHandleExceptions(XmlReaderDelegator reader, Boolean verifyObjectName, DataContractResolver dataContractResolver)"
"Message",Low,"   bij System.Runtime.Serialization.Json.DataContractJsonSerializer.ReadObject(XmlDictionaryReader reader)"
"Message",Low,"   bij System.Runtime.Serialization.Json.DataContractJsonSerializer.ReadObject(Stream stream)"
"Message",Low,"   bij Microsoft.VisualStudio.Telemetry.TelemetrySessionSettings.Deserialize(String settings)"
"Message",Low,"   bij Microsoft.VisualStudio.Telemetry.TelemetrySessionSettings.Parse(String serializedSession)"
"Message",Low,"   --- Einde van intern uitzonderingsstackpad ---"
"Message",Low,"   bij Microsoft.VisualStudio.Telemetry.TelemetrySessionSettings.Parse(String serializedSession)"
"Message",Low,"   bij ILCTelemetry.Program.ReadEvents()"
"Message",Low,"   bij ILCTelemetry.Program.Main(String[] args)"
"Message",Normal,"'C:\Users\wiebe\.nuget\packages\runtime.win10-x86.microsoft.net.native.compiler\2.2.1\tools\x86\ilc\ilc.exe --gatekeeper @""C:\Users\wiebe\Documents\patterns\dp2\tekenprogramma\obj\x86\Release\ilc\intermediate\gkargs.rsp""' completed."
"Message",Normal,"Process execution statistics (all times in milliseconds)"
"Message",Normal,"-----------------------------------------------------------------------------"
"Message",Normal,"launch  |  start   |   stop   |   end    | duration | lifetime | [slot] name"
"Message",Normal,"-----------------------------------------------------------------------------"
"Message",Normal,"       0 |       16 |      250 |      250 |      234 |      250 | [0] Gatekeeper"
"Message",Normal,"Number of commands:      1"
"Message",Normal,"Total system time:       250 ms"
"Message",Normal,"System time per command: 250 ms"
"Message",Normal,"Total duration:          234 ms"
"Message",Normal,"Total lifetime:          250 ms"
"Message",Normal,"Requested DOP:           8"
"Message",Normal,"Duration DOP:            0,9"
"Message",Normal,"Lifetime DOP:            1,0"
"Message",Low,"Done executing task ""Gatekeeper""."
"Message",Low,"Done building target ""RunGatekeeper"" in file ""Preparation""."
"Message",Low,""
"Message",Low,"Done building target ""CreateToolchainGeneratedAssembly"" in file ""Preparation""."
"Message",Low,""
"Message",Low,"Task ""PreMergeAssemblyClosure"""
"Message",Low,"Done executing task ""PreMergeAssemblyClosure""."
"Message",Low,"Done building target ""ConstructPreMergeAssemblyClosure"" in file ""Preparation""."
"Message",Low,""
"Message",Low,"Task ""McgReferenceResolveFilePath"""
"Message",Low,"Done executing task ""McgReferenceResolveFilePath""."
"Message",Low,"Done building target ""PreResolveTransforms"" in file ""Preparation""."
"Message",Low,""
"Message",Low,"Task ""ResolveToolchainRequiredAssemblyRoots"""
"Message",Low,"Done executing task ""ResolveToolchainRequiredAssemblyRoots""."
"Message",Low,"Task ""ILTransformAssemblyClosure"""
"Message",Low,"Done executing task ""ILTransformAssemblyClosure""."
"Message",Low,"Task ""ResolveToolchainRequiredAssemblyRoots"""
"Message",Low,"Done executing task ""ResolveToolchainRequiredAssemblyRoots""."
"Message",Low,"Task ""ReducedCopyAssemblyClosure"""
"Message",Low,"Done executing task ""ReducedCopyAssemblyClosure""."
"Message",Low,"Done building target ""ConstructILTransformAssemblyClosure"" in file ""Preparation""."
"Message",Low,"Done building project ""Preparation""."
"Message",Low,""
"Message",Low,""
"Message",High,"Processing application code"
"Message",Low,"Task ""RunILTransforms"""
"Message",Normal,"Running 'DumpNativeResources' transform, heap at 10 MB."
"Message",Normal,"Running 'Analysis' transform, heap at 25 MB."
"Message",Low,"Loading 51 modules..."
"Message",Normal,"Imported reflection directives from 7 files:"
"Message",Normal,"C:\Users\wiebe\Documents\patterns\dp2\tekenprogramma\obj\x86\Release\ilc\in\Properties\Default.rd.xml"
"Message",Normal,"Embedded manifest in System.Private.Interop: Resources.System.Private.Interop.rd.xml"
"Message",Normal,"Embedded manifest in System.Private.WinRTInterop.CoreLib: Resources.System.Private.WinRTInterop.CoreLib.rd.xml"
"Message",Normal,"Embedded manifest in System.Runtime.WindowsRuntime.UI.Xaml: Resources.System.Runtime.WindowsRuntime.UI.Xaml.rd.xml"
"Message",Normal,"Embedded manifest in System.Private.CoreLib: Resources.System.Private.CoreLib.rd.xml"
"Message",Normal,"Embedded manifest in System.Private.Uri: Resources.System.Private.Uri.rd.xml"
"Message",Normal,"Embedded manifest in System.Private.Reflection.Core: System.Private.Reflection.Core.rd.xml"
"Message",Normal,"Imported XAML Roots from 1 files:"
"Message",Normal,"C:\Users\wiebe\Documents\patterns\dp2\tekenprogramma\obj\x86\Release\ilc\in\tekenprogramma.xr.xml"
"Message",Normal,"Running 'Mcg' transform, heap at 173 MB."
"Message",High,"Computing application closure and generating interop code"
"Message",High,"  Loading 51 modules..."
"Message",Normal,"          P/Invoke 'RhpGetFuncEvalParameterBufferSize' with [DllImport(ExactSpelling=true)] resolved to '[MRT]!RhpGetFuncEvalParameterBufferSize'."
"Message",Normal,"          P/Invoke 'RhpGetFuncEvalMode' with [DllImport(ExactSpelling=true)] resolved to '[MRT]!RhpGetFuncEvalMode'."
"Message",Normal,"          P/Invoke 'RhpRecordDebuggeeInitiatedHandle' with [DllImport(ExactSpelling=true)] resolved to '[MRT]!RhpRecordDebuggeeInitiatedHandle'."
"Message",Normal,"          P/Invoke 'RhpVerifyDebuggerCleanup' with [DllImport(ExactSpelling=true)] resolved to '[MRT]!RhpVerifyDebuggerCleanup'."
"Message",Normal,"          P/Invoke 'RhpGetCurrentThread' with [DllImport(ExactSpelling=true)] resolved to '[MRT]!RhpGetCurrentThread'."
"Message",Normal,"          P/Invoke 'RhWaitForPendingFinalizers' with [DllImport(ExactSpelling=true)] resolved to '[MRT]!RhWaitForPendingFinalizers'."
"Message",Normal,"          P/Invoke 'RhYield' with [DllImport(ExactSpelling=true)] resolved to '[MRT]!RhYield'."
"Message",Normal,"          P/Invoke 'RhFlushProcessWriteBuffers' with [DllImport(ExactSpelling=true)] resolved to '[MRT]!RhFlushProcessWriteBuffers'."
"Message",Normal,"          P/Invoke 'RhCompatibleReentrantWaitAny' with [DllImport(ExactSpelling=true)] resolved to '[MRT]!RhCompatibleReentrantWaitAny'."
"Message",Normal,"          P/Invoke 'RhCallDescrWorker' with [DllImport(ExactSpelling=true)] resolved to '[MRT]!RhCallDescrWorker'."
"Message",Normal,"          P/Invoke '_ecvt_s' with [DllImport(ExactSpelling=true)] resolved to '[MRT]!_ecvt_s'."
"Message",Normal,"          P/Invoke 'memmove' with [DllImport(ExactSpelling=true)] resolved to '[MRT]!memmove'."
"Message",Normal,"          P/Invoke 'memset' with [DllImport(ExactSpelling=true)] resolved to '[MRT]!memset'."
"Message",Normal,"          P/Invoke 'CallingConventionConverter_GetStubs' with [DllImport(ExactSpelling=true)] resolved to '*!CallingConventionConverter_GetStubs'."
"Message",Normal,"          P/Invoke 'WindowsCreateStringReference' resolved to 'WindowsCreateStringReference!api-ms-win-core-winrt-string-l1-1-0.dll' from 'SupportedAPIs.xml'."
"Message",Normal,"          P/Invoke 'GetLastError' resolved to 'GetLastError!api-ms-win-core-errorhandling-l1-1-0.dll' from 'SupportedAPIs.xml'."
"Message",Normal,"          P/Invoke 'SetLastError' resolved to 'SetLastError!api-ms-win-core-errorhandling-l1-1-0.dll' from 'SupportedAPIs.xml'."
"Message",Normal,"          P/Invoke 'RoInitialize' resolved to 'RoInitialize!api-ms-win-core-winrt-l1-1-0.dll' from 'SupportedAPIs.xml'."
"Message",Normal,"          P/Invoke 'IsValidLocaleName' resolved to 'IsValidLocaleName!api-ms-win-core-localization-l1-2-0.dll' from 'SupportedAPIs.xml'."
"Message",Normal,"          P/Invoke 'ResolveLocaleName' resolved to 'ResolveLocaleName!api-ms-win-core-localization-l1-2-0.dll' from 'SupportedAPIs.xml'."
"Message",Normal,"          P/Invoke 'SetFileAttributesW' resolved to 'SetFileAttributesW!kernel32.dll' from 'SupportedAPIs.xml'."
"Message",Normal,"          P/Invoke 'GetCPInfoExW' resolved to 'GetCPInfoExW!kernel32.dll' from 'SupportedAPIs.xml'."
"Message",Normal,"          P/Invoke 'SetThreadErrorMode' resolved to 'SetThreadErrorMode!kernel32.dll' from 'SupportedAPIs.xml'."
"Message",Normal,"          P/Invoke 'GetFileAttributesExW' resolved to 'GetFileAttributesExW!kernel32.dll' from 'SupportedAPIs.xml'."
"Message",Normal,"          P/Invoke 'FindFirstFileExW' resolved to 'FindFirstFileExW!kernel32.dll' from 'SupportedAPIs.xml'."
"Message",Normal,"          P/Invoke 'CoCreateInstance' resolved to 'CoCreateInstance!api-ms-win-core-com-l1-1-0.dll' from 'SupportedAPIs.xml'."
"Message",Normal,"          P/Invoke 'FindClose' resolved to 'FindClose!kernel32.dll' from 'SupportedAPIs.xml'."
"Message",Normal,"          P/Invoke 'SysFreeString' resolved to 'SysFreeString!OleAut32' from 'SupportedAPIs.xml'."
"Message",Normal,"          P/Invoke 'FormatMessageW' resolved to 'FormatMessageW!kernel32.dll' from 'SupportedAPIs.xml'."
"Message",Normal,"          P/Invoke 'RoGetBufferMarshaler' resolved to 'RoGetBufferMarshaler!api-ms-win-core-winrt-robuffer-l1-1-0.dll' from 'SupportedAPIs.xml'."
"Message",High,"  Generating code..."
"Message",High,"  Interop code generated."
"Message",Normal,"  Written code to AssemblyInfo.g.cs"
"Message",Normal,"  Written code to Adapters.g.cs"
"Message",Normal,"  Written code to Data.g.cs"
"Message",Normal,"  Written code to Helpers.g.cs"
"Message",Normal,"  Written code to ImplTypes.g.cs"
"Message",Normal,"  Written code to PInvoke.g.cs"
"Message",Normal,"  Written code to SafeTypes.g.cs"
"Message",Normal,"  Written code to SharedStubs.g.cs"
"Message",Normal,"Running 'GenerateCodeAndCompile' transform, heap at 165 MB."
"Message",High,"Compiling interop code"
"Message",Normal,"Compiling generated source code: C:\Users\wiebe\.nuget\packages\microsoft.net.native.compiler\2.2.1\tools\csc\csc.exe /noconfig @""C:\Users\wiebe\Documents\patterns\dp2\tekenprogramma\obj\x86\Release\ilc\intermediate\tekenprogramma.McgInterop.rsp"""
"Message",High,"Generating System.Reflection.DispatchProxy proxy code."
"Message",Normal,"Running 'ReducedCopyInitialize' transform, heap at 165 MB."
"Message",Normal,"Running 'ReducedCopyEmptyTypes' transform, heap at 182 MB."
"Message",Normal,"Running 'ReducedCopyPopulateTypes' transform, heap at 183 MB."
"Message",Normal,"Running 'ReducedCopyLateMetadata' transform, heap at 192 MB."
"Message",Normal,"Running 'ReducedCopyPassResourcesToMutableAssembly' transform, heap at 203 MB."
"Message",Normal,"Running 'ReducedCopyMethodBodies' transform, heap at 203 MB."
"Message",Normal,"Running 'ReducedCopyComplete' transform, heap at 214 MB."
"Message",Normal,"Running 'ReducedCopyCleanup' transform, heap at 249 MB."
"Message",Normal,"Running 'DeveloperExperienceModeOnlyCodeRemover' transform, heap at 34 MB."
"Message",Normal,"Running 'ComImportDetector' transform, heap at 34 MB."
"Message",Normal,"Running 'McgAccessor' transform, heap at 34 MB."
"Message",Normal,"Running 'McgRedirect' transform, heap at 35 MB."
"Message",Normal,"Running 'McgRedirect' transform, heap at 36 MB."
"Message",Normal,"Running 'McgTypeOf' transform, heap at 37 MB."
"Message",Normal,"Running 'EventSource' transform, heap at 39 MB."
"Message",Normal,"Running 'ValueType' transform, heap at 39 MB."
"Message",Normal,"Running 'Attribute' transform, heap at 39 MB."
"Message",Normal,"Running 'GetType' transform, heap at 39 MB."
"Message",Normal,"Running 'McgFixups' transform, heap at 40 MB."
"Message",Normal,"Running 'ResourceManagerCtor' transform, heap at 40 MB."
"Message",Normal,"Running 'TypeofTypeHandle' transform, heap at 40 MB."
"Message",Normal,"Running 'DispatchProxyIntrinsics' transform, heap at 43 MB."
"Message",Normal,"Running 'StaticInitData' transform, heap at 43 MB."
"Message",Normal,"Running 'Delegate' transform, heap at 48 MB."
"Message",Normal,"Running 'LazyGenerics' transform, heap at 49 MB."
"Message",Normal,"Running 'AddReflectionBlockedAttributes' transform, heap at 53 MB."
"Message",Normal,"Running 'DisableOptimization' transform, heap at 53 MB."
"Message",Normal,"Running 'ResourceExtractor' transform, heap at 53 MB."
"Message",Normal,"Running 'CreateMetadata' transform, heap at 54 MB."
"Message",Normal,"Running 'StartupCodeInjector' transform, heap at 59 MB."
"Message",Normal,"Running 'SaveRVAStatics' transform, heap at 59 MB."
"Message",Normal,"Running 'ReflectionInvoke' transform, heap at 60 MB."
"Message",Normal,"Running 'ScrubOpenCalls' transform, heap at 60 MB."
"Message",Normal,"Running 'ConvertCatchIntoFilter' transform, heap at 60 MB."
"Message",Normal,"Running 'ReflectionMappingInfoEmit' transform, heap at 60 MB."
"Message",Normal,"Running 'ReflectionIntrinsics' transform, heap at 60 MB."
"Message",Normal,"Running 'ConvertManagedWinMD' transform, heap at 60 MB."
"Message",Normal,"Running 'DebuggerGuidedStepThroughJmc' transform, heap at 60 MB."
"Message",Normal,"Running 'Reducer' transform, heap at 62 MB."
"Message",High,"Cleaning up unreferenced code"
"Message",Normal,"Running 'WriteAssemblies' transform, heap at 89 MB."
"Message",Normal,""
"Message",Normal,"Transform summary"
"Message",Normal,"    ms | heap delta | name"
"Message",Normal,"  4846 |        148 | Analysis"
"Message",Normal,"  1683 |          0 | GenerateCodeAndCompile"
"Message",Normal,"   610 |         -8 | Mcg"
"Message",Normal,"   504 |         20 | WriteAssemblies"
"Message",Normal,"   417 |         15 | DumpNativeResources"
"Message",Normal,"   339 |         17 | ReducedCopyInitialize"
"Message",Normal,"   282 |         35 | ReducedCopyComplete"
"Message",Normal,"   269 |         27 | Reducer"
"Message",Normal,"   172 |       -215 | ReducedCopyCleanup"
"Message",Normal,"    80 |          9 | ReducedCopyPopulateTypes"
"Message",Normal,"    72 |         11 | ReducedCopyMethodBodies"
"Message",Normal,"    71 |         11 | ReducedCopyLateMetadata"
"Message",Normal,"    59 |          5 | CreateMetadata"
"Message",Normal,"    31 |          4 | LazyGenerics"
"Message",Normal,"    27 |          1 | McgRedirect"
"Message",Normal,"    26 |          2 | McgTypeOf"
"Message",Normal,"    23 |          5 | StaticInitData"
"Message",Normal,"    22 |          3 | TypeofTypeHandle"
"Message",Normal,"    14 |          1 | McgRedirect"
"Message",Normal,"    13 |          1 | ResourceExtractor"
"Message",Normal,"     7 |          0 | McgFixups"
"Message",Normal,"     7 |          1 | ReducedCopyEmptyTypes"
"Message",Normal,"     6 |          1 | SaveRVAStatics"
"Message",Normal,"     5 |          1 | GetType"
"Message",Normal,"     5 |          2 | DebuggerGuidedStepThroughJmc"
"Message",Normal,"     4 |          0 | DispatchProxyIntrinsics"
"Message",Normal,"     3 |          1 | McgAccessor"
"Message",Normal,"     3 |          1 | Delegate"
"Message",Normal,"     2 |          0 | ReflectionIntrinsics"
"Message",Normal,"     2 |          0 | StartupCodeInjector"
"Message",Normal,"     2 |          0 | ScrubOpenCalls"
"Message",Normal,"     1 |          0 | EventSource"
"Message",Normal,"     1 |          0 | ConvertCatchIntoFilter"
"Message",Normal,"     1 |          0 | Attribute"
"Message",Normal,"     0 |          0 | ConvertManagedWinMD"
"Message",Normal,"     0 |          0 | ReflectionMappingInfoEmit"
"Message",Normal,"     0 |          0 | ReducedCopyPassResourcesToMutableAssembly"
"Message",Normal,"     0 |          0 | DeveloperExperienceModeOnlyCodeRemover"
"Message",Normal,"     0 |          0 | DisableOptimization"
"Message",Normal,"     0 |          0 | AddReflectionBlockedAttributes"
"Message",Normal,"     0 |          0 | ComImportDetector"
"Message",Normal,"     0 |          0 | ResourceManagerCtor"
"Message",Normal,"     0 |          0 | ReflectionInvoke"
"Message",Normal,"     0 |          0 | ValueType"
"Message",Low,"Done executing task ""RunILTransforms""."
"Message",Low,"Done building target ""RunILTransforms"" in file ""ILTransforms""."
"Message",Low,"Done building project ""ILTransforms""."
"Message",Low,""
"Message",Low,""
"Message",Low,"Done building target ""GenerateMDIL"" in file ""Nutc""."
"Message",Low,""
"Message",High,"Generating native code"
"Message",Low,"Done building target ""MDILPrepareMultiFile"" in file ""Nutc""."
"Message",Low,""
"Message",Low,"Done building target ""SetBinaryForReferences"" in file ""Nutc""."
"Message",Low,""
"Message",Low,"Task ""GenerateMDILGlobalAnalysis"""
"Message",Normal,"Launching 'C:\Users\wiebe\.nuget\packages\runtime.win10-x86.microsoft.net.native.compiler\2.2.1\tools\x86\ilc\Tools\nutc_driver.exe @""C:\Users\wiebe\Documents\patterns\dp2\tekenprogramma\obj\x86\Release\ilc\intermediate\MDIL\tekenprogramma.rsp""'"
"Message",Low,"Microsoft (R) MDIL Compiler - Version 2.2.27015.02"
"Message",Low,"Copyright (c) Microsoft Corporation.  All rights reserved."
"Message",Low,"Scanning input types"
"Message",Low,"Scanning 885 methods."
"Message",Low,"Scanning 2284 methods."
"Message",Low,"Scanning 1113 methods."
"Message",Low,"Scanning 350 methods."
"Message",Low,"Scanning 216 methods."
"Message",Low,"Scanning 113 methods."
"Message",Low,"Scanning 67 methods."
"Message",Low,"Scanning 99 methods."
"Message",Low,"Scanning 26 methods."
"Message",Low,"Scanning 11 methods."
"Message",Low,"Scanning 3 methods."
"Message",Low,"Scanning 2 methods."
"Message",Low,"Scanning 3 methods."
"Message",Low,"Scanning 2 methods."
"Message",Low,"Scanning 3 methods."
"Message",Low,"Scanning 18 methods."
"Message",Low,"Scanning 44 methods."
"Message",Low,"Scanning 20 methods."
"Message",Low,"Scanning 10 methods."
"Message",Low,"Scanning 6 methods."
"Message",Low,"Scanning 2 methods."
"Message",Low,"Eager code generation"
"Message",Low,"Compiling 5277 methods."
"Message",Low,"Deferred code generation"
"Message",Low,"Call to managed method Initialize succeeded; exit code: 0 while generating CTL.Stack trace metadata statistics"
"Message",Low,"Number of methods emitted:   2168"
"Message",Low,"Metadata blob size:          114727"
"Message",Low,"Method RVA - token map size: 17344"
"Message",Low,"Total native size:           132071"
"Message",Low,"Successfully generated 'C:\Users\wiebe\Documents\patterns\dp2\tekenprogramma\obj\x86\Release\ilc\intermediate\MDIL\tekenprogramma.mdilexe'"
"Message",Low,"Successfully generated 'C:\Users\wiebe\Documents\patterns\dp2\tekenprogramma\obj\x86\Release\ilc\intermediate\MDIL\tekenprogramma.mdilpdb'"
"Message",Low,"Compiled to MDIL code."
"Message",Normal,"'C:\Users\wiebe\.nuget\packages\runtime.win10-x86.microsoft.net.native.compiler\2.2.1\tools\x86\ilc\Tools\nutc_driver.exe @""C:\Users\wiebe\Documents\patterns\dp2\tekenprogramma\obj\x86\Release\ilc\intermediate\MDIL\tekenprogramma.rsp""' completed."
"Message",Normal,"Process execution statistics (all times in milliseconds)"
"Message",Normal,"-----------------------------------------------------------------------------"
"Message",Normal,"launch  |  start   |   stop   |   end    | duration | lifetime | [slot] name"
"Message",Normal,"-----------------------------------------------------------------------------"
"Message",Normal,"       0 |       16 |     3563 |     3563 |     3547 |     3563 | [0] Nutc GlobalAnalysis"
"Message",Normal,"Number of commands:      1"
"Message",Normal,"Total system time:       3563 ms"
"Message",Normal,"System time per command: 3563 ms"
"Message",Normal,"Total duration:          3547 ms"
"Message",Normal,"Total lifetime:          3563 ms"
"Message",Normal,"Requested DOP:           8"
"Message",Normal,"Duration DOP:            1,0"
"Message",Normal,"Lifetime DOP:            1,0"
"Message",Low,"Done executing task ""GenerateMDILGlobalAnalysis""."
"Message",Low,"Done building target ""GenerateMDILGlobalAnalysis"" in file ""Nutc""."
"Message",Low,""
"Message",Low,"Task ""rc"""
"Message",Normal,"Launching 'C:\Program Files (x86)\Windows Kits\10\bin\10.0.18362.0\x64\rc.exe /c ""65001"" /r /fo ""C:\Users\wiebe\Documents\patterns\dp2\tekenprogramma\obj\x86\Release\ilc\intermediate\BuildInfo\BuildInfo.res"" ""C:\Users\wiebe\Documents\patterns\dp2\tekenprogramma\obj\x86\Release\ilc\intermediate\BuildInfo\BuildInfo.rc""'"
"Message",Low,"Microsoft (R) Windows (R) Resource Compiler Version 10.0.10011.16384"
"Message",Low,"Copyright (C) Microsoft Corporation.  All rights reserved."
"Message",Normal,"'C:\Program Files (x86)\Windows Kits\10\bin\10.0.18362.0\x64\rc.exe /c ""65001"" /r /fo ""C:\Users\wiebe\Documents\patterns\dp2\tekenprogramma\obj\x86\Release\ilc\intermediate\BuildInfo\BuildInfo.res"" ""C:\Users\wiebe\Documents\patterns\dp2\tekenprogramma\obj\x86\Release\ilc\intermediate\BuildInfo\BuildInfo.rc""' completed."
"Message",Normal,"Process execution statistics (all times in milliseconds)"
"Message",Normal,"-----------------------------------------------------------------------------"
"Message",Normal,"launch  |  start   |   stop   |   end    | duration | lifetime | [slot] name"
"Message",Normal,"-----------------------------------------------------------------------------"
"Message",Normal,"       0 |       15 |       47 |       47 |       32 |       47 | [0] rc"
"Message",Normal,"Number of commands:      1"
"Message",Normal,"Total system time:       47 ms"
"Message",Normal,"System time per command: 47 ms"
"Message",Normal,"Total duration:          32 ms"
"Message",Normal,"Total lifetime:          47 ms"
"Message",Normal,"Requested DOP:           8"
"Message",Normal,"Duration DOP:            0,7"
"Message",Normal,"Lifetime DOP:            1,0"
"Message",Low,"Done executing task ""rc""."
"Message",Low,"Task ""ResourceBinaryConcatenate"""
"Message",Normal,"Concatenating into 'C:\Users\wiebe\Documents\patterns\dp2\tekenprogramma\obj\x86\Release\ilc\intermediate\Native.res' with alignment '4'."
"Message",Normal," Added 'C:\Users\wiebe\Documents\patterns\dp2\tekenprogramma\obj\x86\Release\ilc\intermediate\ILTransformed\tekenprogramma.res' at offset 0."
"Message",Normal," Added 'C:\Users\wiebe\Documents\patterns\dp2\tekenprogramma\obj\x86\Release\ilc\intermediate\BuildInfo\BuildInfo.res' at offset 4188."
"Message",Low,"Done executing task ""ResourceBinaryConcatenate""."
"Message",Low,"Done building target ""GenerateBuildInfo"" in file ""Nutc""."
"Message",Low,"Done building project ""Nutc""."
"Message",Low,""
"Message",Low,""
"Message",Low,"Done building target ""MDILBindPrepare"" in file ""Binder""."
"Message",Low,""
"Message",High,"Generating fixups for native code"
"Message",Low,"Task ""MDILBind"""
"Message",Normal,"Launching 'C:\Users\wiebe\.nuget\packages\runtime.win10-x86.microsoft.net.native.compiler\2.2.1\tools\x86\ilc\Tools\rhbind.exe @""C:\Users\wiebe\Documents\patterns\dp2\tekenprogramma\obj\x86\Release\ilc\intermediate\rhbindargs.tekenprogramma.rsp""'"
"Message",Low,"OS VERSION: major: 6  minor: 2"
"Message",Low,"MDIL: C:\Users\wiebe\Documents\patterns\dp2\tekenprogramma\obj\x86\Release\ilc\intermediate\MDIL\tekenprogramma.mdilexe"
"Message",Low,"MDILPDB: C:\Users\wiebe\Documents\patterns\dp2\tekenprogramma\obj\x86\Release\ilc\intermediate\MDIL\tekenprogramma.mdilpdb"
"Message",Low,"IL: C:\Users\wiebe\Documents\patterns\dp2\tekenprogramma\obj\x86\Release\ilc\intermediate\MDIL\tekenprogramma.ilexe"
"Message",Low,"NI: C:\Users\wiebe\Documents\patterns\dp2\tekenprogramma\obj\x86\Release\ilc\intermediate\Native\tekenprogramma.dll"
"Message",Low,"SHIM: C:\Users\wiebe\Documents\patterns\dp2\tekenprogramma\obj\x86\Release\ilc\intermediate\Native\tekenprogramma.exe"
"Message",Low,"REDHAWK_RUNTIME_DLL_NAME_A=mrt100_app.dll"
"Message",Low,"pdb: C:\Users\wiebe\Documents\patterns\dp2\tekenprogramma\obj\x86\Release\ilc\intermediate\Native\tekenprogramma.pdb"
"Message",Low,"Produced C:\Users\wiebe\Documents\patterns\dp2\tekenprogramma\obj\x86\Release\ilc\intermediate\Native\tekenprogramma.dll in 0.465 seconds"
"Message",Normal,"'C:\Users\wiebe\.nuget\packages\runtime.win10-x86.microsoft.net.native.compiler\2.2.1\tools\x86\ilc\Tools\rhbind.exe @""C:\Users\wiebe\Documents\patterns\dp2\tekenprogramma\obj\x86\Release\ilc\intermediate\rhbindargs.tekenprogramma.rsp""' completed."
"Message",Normal,"Process execution statistics (all times in milliseconds)"
"Message",Normal,"-----------------------------------------------------------------------------"
"Message",Normal,"launch  |  start   |   stop   |   end    | duration | lifetime | [slot] name"
"Message",Normal,"-----------------------------------------------------------------------------"
"Message",Normal,"       0 |       16 |      500 |      500 |      484 |      500 | [0] rhbind tekenprogramma"
"Message",Normal,"Number of commands:      1"
"Message",Normal,"Total system time:       500 ms"
"Message",Normal,"System time per command: 500 ms"
"Message",Normal,"Total duration:          484 ms"
"Message",Normal,"Total lifetime:          500 ms"
"Message",Normal,"Requested DOP:           8"
"Message",Normal,"Duration DOP:            1,0"
"Message",Normal,"Lifetime DOP:            1,0"
"Message",Low,"Done executing task ""MDILBind""."
"Message",Low,"Done building target ""MDILBind"" in file ""Binder""."
"Message",Low,"Done building project ""Binder""."
"Message",Low,""
"Message",Low,""
"Message",Low,"Done building target ""CopyNativeExecutablesToOutput"" in file ""Deployment""."
"Message",Low,""
"Message",Low,"Task ""TransformAppxManifest"""
"Message",Low,"Done executing task ""TransformAppxManifest""."
"Message",Low,"Done building target ""TransformAppxManifestAndAddCrt"" in file ""Deployment""."
"Message",Low,""
"Message",Low,"Done building target ""CopyPackageResourceFileInRetailBuild"" in file ""Deployment""."
"Message",Low,"Done building project ""Deployment""."
"Message",Low,"Compilation finished"
